<?xml version="1.0" encoding="UTF-8"?>
<project-private xmlns="http://www.netbeans.org/ns/project-private/1">
    <editor-bookmarks xmlns="http://www.netbeans.org/ns/editor-bookmarks/2" lastBookmarkId="0"/>
    <open-files xmlns="http://www.netbeans.org/ns/projectui-open-files/2">
        <group>
            <file>file:/C:/Users/Ali/Documents/NetBeansProjects/waterSystem1/src/watersystem1/Options.java</file>
            <file>file:/C:/Users/Ali/Documents/NetBeansProjects/waterSystem1/src/watersystem1/CTable.java</file>
            <file>file:/C:/Users/Ali/Documents/NetBeansProjects/waterSystem1/src/watersystem1/WaterSystem1.java</file>
            <file>file:/C:/Users/Ali/Documents/NetBeansProjects/waterSystem1/src/watersystem1/SplashS.java</file>
            <file>file:/C:/Users/Ali/Documents/NetBeansProjects/waterSystem1/src/watersystem1/OfficeIndus.java</file>
            <file>file:/C:/Users/Ali/Documents/NetBeansProjects/waterSystem1/src/watersystem1/shop.java</file>
            <file>file:/C:/Users/Ali/Documents/NetBeansProjects/waterSystem1/src/watersystem1/SplashS1.java</file>
            <file>file:/C:/Users/Ali/Documents/NetBeansProjects/waterSystem1/src/watersystem1/Home.java</file>
        </group>
    </open-files>
</project-private>
